{"path":[[{"x":751,"y":900},{"x":771.5816976246851,"y":875.7175318033821},{"x":794.5870316664613,"y":852.0219819648846},{"x":817.8317465600087,"y":828.5005190492518},{"x":840.7809370829038,"y":804.824591304157},{"x":862.9648081458866,"y":780.9262113225428},{"x":884.3483110639274,"y":756.2843913624606},{"x":904.4262009722327,"y":730.711565437196},{"x":922.3854891223205,"y":704.0390800915222},{"x":936.980013344712,"y":675.8308007433197},{"x":945.577247912717,"y":645.4748836514143},{"x":942.3598007359618,"y":614.2669796915255},{"x":922.3708777714911,"y":587.2154868333959},{"x":894.7132577332578,"y":565.9573988911625},{"x":864.7220763928117,"y":548.1090407587933},{"x":835.2247804010645,"y":532.8800417106215},{"x":804.873320044897,"y":518.4879308167891},{"x":774.5919553817167,"y":504.82591452752575},{"x":744.672239214919,"y":491.61601198613744},{"x":715.0846621428261,"y":478.51022856828934},{"x":685.9024987222906,"y":465.2059223372546},{"x":657.4584810453212,"y":451.44651852671313},{"x":630.6450758548548,"y":437.1163552991774},{"x":604.7254484862867,"y":420.72068665137147},{"x":582.701951785755,"y":401.58045713934285},{"x":570.555845126233,"y":376.55241980197},{"x":580.8377180384723,"y":345.1438099411692},{"x":605.4806635549866,"y":318.8412082922236},{"x":633.8839234715529,"y":297.14482593098444},{"x":662.8827502627458,"y":278.3075321839283},{"x":691.7897435620025,"y":261.1300182972551},{"x":720.7239053124439,"y":244.73106924707707},{"x":749.0999601834517,"y":228.90533194749435},{"x":776.6787784874247,"y":213.32074524173368},{"x":803.4029629633912,"y":197.49078107091816},{"x":828.4203086689479,"y":181.1718425780004},{"x":850.6443596703194,"y":163.67235208850482},{"x":868.3107357873297,"y":143.078603848756},{"x":882.414083257701,"y":116.97711744643016},{"x":890.4009656769271,"y":87.42686415967478},{"x":891.9178461000215,"y":56.614273593149576},{"x":889.1443823012469,"y":26.470635348517064}]],"trees":[{"name":"tree","type":"Image","x":201,"y":16,"depth":-1,"scale":{"x":0.25,"y":0.25},"origin":{"x":0.5,"y":0.5},"flipX":false,"flipY":false,"rotation":0,"alpha":1,"visible":true,"blendMode":0,"textureKey":"tree2","frameKey":"__BASE","data":{}},{"name":"tree","type":"Image","x":38,"y":229,"depth":-1,"scale":{"x":0.25,"y":0.25},"origin":{"x":0.5,"y":0.5},"flipX":false,"flipY":false,"rotation":0,"alpha":1,"visible":true,"blendMode":0,"textureKey":"tree1","frameKey":"__BASE","data":{}},{"name":"tree","type":"Image","x":143,"y":446,"depth":-1,"scale":{"x":0.25,"y":0.25},"origin":{"x":0.5,"y":0.5},"flipX":false,"flipY":false,"rotation":0,"alpha":1,"visible":true,"blendMode":0,"textureKey":"tree1","frameKey":"__BASE","data":{}},{"name":"tree","type":"Image","x":247,"y":746,"depth":-1,"scale":{"x":0.5,"y":0.5},"origin":{"x":0.5,"y":0.5},"flipX":false,"flipY":false,"rotation":0,"alpha":1,"visible":true,"blendMode":0,"textureKey":"tree1","frameKey":"__BASE","data":{}},{"name":"tree","type":"Image","x":451,"y":887,"depth":-1,"scale":{"x":0.5,"y":0.5},"origin":{"x":0.5,"y":0.5},"flipX":false,"flipY":false,"rotation":0,"alpha":1,"visible":true,"blendMode":0,"textureKey":"tree1","frameKey":"__BASE","data":{}},{"name":"tree","type":"Image","x":1331,"y":449,"depth":-1,"scale":{"x":0.5,"y":0.5},"origin":{"x":0.5,"y":0.5},"flipX":false,"flipY":false,"rotation":0,"alpha":1,"visible":true,"blendMode":0,"textureKey":"tree1","frameKey":"__BASE","data":{}},{"name":"tree","type":"Image","x":1254,"y":107,"depth":-1,"scale":{"x":0.5,"y":0.5},"origin":{"x":0.5,"y":0.5},"flipX":false,"flipY":false,"rotation":0,"alpha":1,"visible":true,"blendMode":0,"textureKey":"tree1","frameKey":"__BASE","data":{}},{"name":"tree","type":"Image","x":1113,"y":782,"depth":-1,"scale":{"x":0.5,"y":0.5},"origin":{"x":0.5,"y":0.5},"flipX":false,"flipY":false,"rotation":0,"alpha":1,"visible":true,"blendMode":0,"textureKey":"tree1","frameKey":"__BASE","data":{}},{"name":"tree","type":"Image","x":285,"y":24,"depth":-1,"scale":{"x":0.5,"y":0.5},"origin":{"x":0.5,"y":0.5},"flipX":false,"flipY":false,"rotation":0,"alpha":1,"visible":true,"blendMode":0,"textureKey":"tree3","frameKey":"__BASE","data":{}},{"name":"tree","type":"Image","x":257,"y":531,"depth":-1,"scale":{"x":0.75,"y":0.75},"origin":{"x":0.5,"y":0.5},"flipX":false,"flipY":false,"rotation":0,"alpha":1,"visible":true,"blendMode":0,"textureKey":"tree3","frameKey":"__BASE","data":{}},{"name":"tree","type":"Image","x":1145,"y":31,"depth":-1,"scale":{"x":0.75,"y":0.75},"origin":{"x":0.5,"y":0.5},"flipX":false,"flipY":false,"rotation":0,"alpha":1,"visible":true,"blendMode":0,"textureKey":"tree3","frameKey":"__BASE","data":{}},{"name":"tree","type":"Image","x":1310,"y":545,"depth":-1,"scale":{"x":0.5,"y":0.5},"origin":{"x":0.5,"y":0.5},"flipX":false,"flipY":false,"rotation":0,"alpha":1,"visible":true,"blendMode":0,"textureKey":"tree3","frameKey":"__BASE","data":{}},{"name":"tree","type":"Image","x":167,"y":78,"depth":-1,"scale":{"x":0.5,"y":0.5},"origin":{"x":0.5,"y":0.5},"flipX":false,"flipY":false,"rotation":0,"alpha":1,"visible":true,"blendMode":0,"textureKey":"tree3","frameKey":"__BASE","data":{}},{"name":"tree","type":"Image","x":187,"y":166,"depth":-1,"scale":{"x":0.75,"y":0.75},"origin":{"x":0.5,"y":0.5},"flipX":false,"flipY":false,"rotation":0,"alpha":1,"visible":true,"blendMode":0,"textureKey":"tree2","frameKey":"__BASE","data":{}},{"name":"tree","type":"Image","x":673,"y":371,"depth":-1,"scale":{"x":0.75,"y":0.75},"origin":{"x":0.5,"y":0.5},"flipX":false,"flipY":false,"rotation":0,"alpha":1,"visible":true,"blendMode":0,"textureKey":"tree2","frameKey":"__BASE","data":{}},{"name":"tree","type":"Image","x":735,"y":297,"depth":-1,"scale":{"x":0.5,"y":0.5},"origin":{"x":0.5,"y":0.5},"flipX":false,"flipY":false,"rotation":0,"alpha":1,"visible":true,"blendMode":0,"textureKey":"tree3","frameKey":"__BASE","data":{}},{"name":"tree","type":"Image","x":746,"y":430,"depth":-1,"scale":{"x":0.5,"y":0.5},"origin":{"x":0.5,"y":0.5},"flipX":false,"flipY":false,"rotation":0,"alpha":1,"visible":true,"blendMode":0,"textureKey":"tree2","frameKey":"__BASE","data":{}}],"rocks":[{"name":"rock","type":"Image","x":39,"y":43,"depth":-2,"scale":{"x":3.5,"y":3.5},"origin":{"x":0.5,"y":0.5},"flipX":false,"flipY":false,"rotation":0,"alpha":1,"visible":true,"blendMode":0,"textureKey":"rock1","frameKey":"__BASE","data":{}},{"name":"rock","type":"Image","x":56,"y":178,"depth":-2,"scale":{"x":3.5,"y":3.5},"origin":{"x":0.5,"y":0.5},"flipX":false,"flipY":false,"rotation":0,"alpha":1,"visible":true,"blendMode":0,"textureKey":"rock2","frameKey":"__BASE","data":{}},{"name":"rock","type":"Image","x":53,"y":318,"depth":-2,"scale":{"x":3.5,"y":3.5},"origin":{"x":0.5,"y":0.5},"flipX":false,"flipY":false,"rotation":0,"alpha":1,"visible":true,"blendMode":0,"textureKey":"rock3","frameKey":"__BASE","data":{}},{"name":"rock","type":"Image","x":52,"y":435,"depth":-2,"scale":{"x":3.5,"y":3.5},"origin":{"x":0.5,"y":0.5},"flipX":false,"flipY":false,"rotation":0,"alpha":1,"visible":true,"blendMode":0,"textureKey":"rock4","frameKey":"__BASE","data":{}},{"name":"rock","type":"Image","x":49,"y":567,"depth":-2,"scale":{"x":3.5,"y":3.5},"origin":{"x":0.5,"y":0.5},"flipX":false,"flipY":false,"rotation":0,"alpha":1,"visible":true,"blendMode":0,"textureKey":"rock5","frameKey":"__BASE","data":{}},{"name":"rock","type":"Image","x":47,"y":660,"depth":-2,"scale":{"x":3.5,"y":3.5},"origin":{"x":0.5,"y":0.5},"flipX":false,"flipY":false,"rotation":0,"alpha":1,"visible":true,"blendMode":0,"textureKey":"rock1","frameKey":"__BASE","data":{}},{"name":"rock","type":"Image","x":50,"y":802,"depth":-2,"scale":{"x":3.5,"y":3.5},"origin":{"x":0.5,"y":0.5},"flipX":false,"flipY":false,"rotation":0,"alpha":1,"visible":true,"blendMode":0,"textureKey":"rock2","frameKey":"__BASE","data":{}},{"name":"rock","type":"Image","x":60,"y":879,"depth":-2,"scale":{"x":3.5,"y":3.5},"origin":{"x":0.5,"y":0.5},"flipX":false,"flipY":false,"rotation":0,"alpha":1,"visible":true,"blendMode":0,"textureKey":"rock3","frameKey":"__BASE","data":{}},{"name":"rock","type":"Image","x":203,"y":854,"depth":-2,"scale":{"x":3.5,"y":3.5},"origin":{"x":0.5,"y":0.5},"flipX":false,"flipY":false,"rotation":0,"alpha":1,"visible":true,"blendMode":0,"textureKey":"rock4","frameKey":"__BASE","data":{}},{"name":"rock","type":"Image","x":320,"y":858,"depth":-2,"scale":{"x":3.5,"y":3.5},"origin":{"x":0.5,"y":0.5},"flipX":false,"flipY":false,"rotation":0,"alpha":1,"visible":true,"blendMode":0,"textureKey":"rock5","frameKey":"__BASE","data":{}},{"name":"rock","type":"Image","x":155,"y":733,"depth":-2,"scale":{"x":3.5,"y":3.5},"origin":{"x":0.5,"y":0.5},"flipX":false,"flipY":false,"rotation":0,"alpha":1,"visible":true,"blendMode":0,"textureKey":"rock1","frameKey":"__BASE","data":{}},{"name":"rock","type":"Image","x":149,"y":606,"depth":-2,"scale":{"x":3.5,"y":3.5},"origin":{"x":0.5,"y":0.5},"flipX":false,"flipY":false,"rotation":0,"alpha":1,"visible":true,"blendMode":0,"textureKey":"rock2","frameKey":"__BASE","data":{}},{"name":"rock","type":"Image","x":1166,"y":864,"depth":-2,"scale":{"x":3.5,"y":3.5},"origin":{"x":0.5,"y":0.5},"flipX":false,"flipY":false,"rotation":0,"alpha":1,"visible":true,"blendMode":0,"textureKey":"rock2","frameKey":"__BASE","data":{}},{"name":"rock","type":"Image","x":1263,"y":759,"depth":-2,"scale":{"x":3.5,"y":3.5},"origin":{"x":0.5,"y":0.5},"flipX":false,"flipY":false,"rotation":0,"alpha":1,"visible":true,"blendMode":0,"textureKey":"rock3","frameKey":"__BASE","data":{}},{"name":"rock","type":"Image","x":1353,"y":638,"depth":-2,"scale":{"x":3.5,"y":3.5},"origin":{"x":0.5,"y":0.5},"flipX":false,"flipY":false,"rotation":0,"alpha":1,"visible":true,"blendMode":0,"textureKey":"rock4","frameKey":"__BASE","data":{}},{"name":"rock","type":"Image","x":1410,"y":502,"depth":-2,"scale":{"x":3.5,"y":3.5},"origin":{"x":0.5,"y":0.5},"flipX":false,"flipY":false,"rotation":0,"alpha":1,"visible":true,"blendMode":0,"textureKey":"rock5","frameKey":"__BASE","data":{}},{"name":"rock","type":"Image","x":1457,"y":382,"depth":-2,"scale":{"x":3.5,"y":3.5},"origin":{"x":0.5,"y":0.5},"flipX":false,"flipY":false,"rotation":0,"alpha":1,"visible":true,"blendMode":0,"textureKey":"rock1","frameKey":"__BASE","data":{}},{"name":"rock","type":"Image","x":1406,"y":256,"depth":-2,"scale":{"x":3.5,"y":3.5},"origin":{"x":0.5,"y":0.5},"flipX":false,"flipY":false,"rotation":0,"alpha":1,"visible":true,"blendMode":0,"textureKey":"rock2","frameKey":"__BASE","data":{}},{"name":"rock","type":"Image","x":1340,"y":126,"depth":-2,"scale":{"x":3.5,"y":3.5},"origin":{"x":0.5,"y":0.5},"flipX":false,"flipY":false,"rotation":0,"alpha":1,"visible":true,"blendMode":0,"textureKey":"rock3","frameKey":"__BASE","data":{}},{"name":"rock","type":"Image","x":1330,"y":13,"depth":-2,"scale":{"x":3.5,"y":3.5},"origin":{"x":0.5,"y":0.5},"flipX":false,"flipY":false,"rotation":0,"alpha":1,"visible":true,"blendMode":0,"textureKey":"rock4","frameKey":"__BASE","data":{}},{"name":"rock","type":"Image","x":1459,"y":9,"depth":-2,"scale":{"x":3.5,"y":3.5},"origin":{"x":0.5,"y":0.5},"flipX":false,"flipY":false,"rotation":0,"alpha":1,"visible":true,"blendMode":0,"textureKey":"rock5","frameKey":"__BASE","data":{}},{"name":"rock","type":"Image","x":1585,"y":13,"depth":-2,"scale":{"x":3.5,"y":3.5},"origin":{"x":0.5,"y":0.5},"flipX":false,"flipY":false,"rotation":0,"alpha":1,"visible":true,"blendMode":0,"textureKey":"rock1","frameKey":"__BASE","data":{}},{"name":"rock","type":"Image","x":1577,"y":145,"depth":-2,"scale":{"x":3.5,"y":3.5},"origin":{"x":0.5,"y":0.5},"flipX":false,"flipY":false,"rotation":0,"alpha":1,"visible":true,"blendMode":0,"textureKey":"rock2","frameKey":"__BASE","data":{}},{"name":"rock","type":"Image","x":1447,"y":132,"depth":-2,"scale":{"x":3.5,"y":3.5},"origin":{"x":0.5,"y":0.5},"flipX":false,"flipY":false,"rotation":0,"alpha":1,"visible":true,"blendMode":0,"textureKey":"rock3","frameKey":"__BASE","data":{}},{"name":"rock","type":"Image","x":1561,"y":272,"depth":-2,"scale":{"x":3.5,"y":3.5},"origin":{"x":0.5,"y":0.5},"flipX":false,"flipY":false,"rotation":0,"alpha":1,"visible":true,"blendMode":0,"textureKey":"rock4","frameKey":"__BASE","data":{}},{"name":"rock","type":"Image","x":1567,"y":423,"depth":-2,"scale":{"x":3.5,"y":3.5},"origin":{"x":0.5,"y":0.5},"flipX":false,"flipY":false,"rotation":0,"alpha":1,"visible":true,"blendMode":0,"textureKey":"rock4","frameKey":"__BASE","data":{}},{"name":"rock","type":"Image","x":1520,"y":513,"depth":-2,"scale":{"x":3.5,"y":3.5},"origin":{"x":0.5,"y":0.5},"flipX":false,"flipY":false,"rotation":0,"alpha":1,"visible":true,"blendMode":0,"textureKey":"rock5","frameKey":"__BASE","data":{}},{"name":"rock","type":"Image","x":1542,"y":635,"depth":-2,"scale":{"x":3.5,"y":3.5},"origin":{"x":0.5,"y":0.5},"flipX":false,"flipY":false,"rotation":0,"alpha":1,"visible":true,"blendMode":0,"textureKey":"rock2","frameKey":"__BASE","data":{}},{"name":"rock","type":"Image","x":1556,"y":752,"depth":-2,"scale":{"x":3.5,"y":3.5},"origin":{"x":0.5,"y":0.5},"flipX":false,"flipY":false,"rotation":0,"alpha":1,"visible":true,"blendMode":0,"textureKey":"rock2","frameKey":"__BASE","data":{}},{"name":"rock","type":"Image","x":1562,"y":877,"depth":-2,"scale":{"x":3.5,"y":3.5},"origin":{"x":0.5,"y":0.5},"flipX":false,"flipY":false,"rotation":0,"alpha":1,"visible":true,"blendMode":0,"textureKey":"rock3","frameKey":"__BASE","data":{}},{"name":"rock","type":"Image","x":1433,"y":866,"depth":-2,"scale":{"x":3.5,"y":3.5},"origin":{"x":0.5,"y":0.5},"flipX":false,"flipY":false,"rotation":0,"alpha":1,"visible":true,"blendMode":0,"textureKey":"rock4","frameKey":"__BASE","data":{}},{"name":"rock","type":"Image","x":1301,"y":865,"depth":-2,"scale":{"x":3.5,"y":3.5},"origin":{"x":0.5,"y":0.5},"flipX":false,"flipY":false,"rotation":0,"alpha":1,"visible":true,"blendMode":0,"textureKey":"rock4","frameKey":"__BASE","data":{}},{"name":"rock","type":"Image","x":1388,"y":766,"depth":-2,"scale":{"x":3.5,"y":3.5},"origin":{"x":0.5,"y":0.5},"flipX":false,"flipY":false,"rotation":0,"alpha":1,"visible":true,"blendMode":0,"textureKey":"rock5","frameKey":"__BASE","data":{}},{"name":"rock","type":"Image","x":1449,"y":699,"depth":-2,"scale":{"x":3.5,"y":3.5},"origin":{"x":0.5,"y":0.5},"flipX":false,"flipY":false,"rotation":0,"alpha":1,"visible":true,"blendMode":0,"textureKey":"rock1","frameKey":"__BASE","data":{}},{"name":"rock","type":"Image","x":1447,"y":604,"depth":-2,"scale":{"x":3.5,"y":3.5},"origin":{"x":0.5,"y":0.5},"flipX":false,"flipY":false,"rotation":0,"alpha":1,"visible":true,"blendMode":0,"textureKey":"rock2","frameKey":"__BASE","data":{}},{"name":"rock","type":"Image","x":1056,"y":876,"depth":-2,"scale":{"x":1.5,"y":1.5},"origin":{"x":0.5,"y":0.5},"flipX":false,"flipY":false,"rotation":0,"alpha":1,"visible":true,"blendMode":0,"textureKey":"rock2","frameKey":"__BASE","data":{}},{"name":"rock","type":"Image","x":1182,"y":777,"depth":-2,"scale":{"x":1.5,"y":1.5},"origin":{"x":0.5,"y":0.5},"flipX":false,"flipY":false,"rotation":0,"alpha":1,"visible":true,"blendMode":0,"textureKey":"rock2","frameKey":"__BASE","data":{}},{"name":"rock","type":"Image","x":1267,"y":653,"depth":-2,"scale":{"x":1.5,"y":1.5},"origin":{"x":0.5,"y":0.5},"flipX":false,"flipY":false,"rotation":0,"alpha":1,"visible":true,"blendMode":0,"textureKey":"rock2","frameKey":"__BASE","data":{}},{"name":"rock","type":"Image","x":1379,"y":335,"depth":-2,"scale":{"x":1.5,"y":1.5},"origin":{"x":0.5,"y":0.5},"flipX":false,"flipY":false,"rotation":0,"alpha":1,"visible":true,"blendMode":0,"textureKey":"rock2","frameKey":"__BASE","data":{}},{"name":"rock","type":"Image","x":1378,"y":394,"depth":-2,"scale":{"x":1.5,"y":1.5},"origin":{"x":0.5,"y":0.5},"flipX":false,"flipY":false,"rotation":0,"alpha":1,"visible":true,"blendMode":0,"textureKey":"rock1","frameKey":"__BASE","data":{}},{"name":"rock","type":"Image","x":1323,"y":227,"depth":-2,"scale":{"x":1.5,"y":1.5},"origin":{"x":0.5,"y":0.5},"flipX":false,"flipY":false,"rotation":0,"alpha":1,"visible":true,"blendMode":0,"textureKey":"rock1","frameKey":"__BASE","data":{}},{"name":"rock","type":"Image","x":1187,"y":730,"depth":-2,"scale":{"x":1.5,"y":1.5},"origin":{"x":0.5,"y":0.5},"flipX":false,"flipY":false,"rotation":0,"alpha":1,"visible":true,"blendMode":0,"textureKey":"rock5","frameKey":"__BASE","data":{}},{"name":"rock","type":"Image","x":1240,"y":20,"depth":-2,"scale":{"x":1,"y":1},"origin":{"x":0.5,"y":0.5},"flipX":false,"flipY":false,"rotation":0,"alpha":1,"visible":true,"blendMode":0,"textureKey":"rock5","frameKey":"__BASE","data":{}},{"name":"rock","type":"Image","x":1267,"y":145,"depth":-2,"scale":{"x":1,"y":1},"origin":{"x":0.5,"y":0.5},"flipX":false,"flipY":false,"rotation":0,"alpha":1,"visible":true,"blendMode":0,"textureKey":"rock1","frameKey":"__BASE","data":{}},{"name":"rock","type":"Image","x":1285,"y":207,"depth":-2,"scale":{"x":1,"y":1},"origin":{"x":0.5,"y":0.5},"flipX":false,"flipY":false,"rotation":0,"alpha":1,"visible":true,"blendMode":0,"textureKey":"rock2","frameKey":"__BASE","data":{}},{"name":"rock","type":"Image","x":1080,"y":839,"depth":-2,"scale":{"x":1,"y":1},"origin":{"x":0.5,"y":0.5},"flipX":false,"flipY":false,"rotation":0,"alpha":1,"visible":true,"blendMode":0,"textureKey":"rock2","frameKey":"__BASE","data":{}},{"name":"rock","type":"Image","x":271,"y":785,"depth":-2,"scale":{"x":1,"y":1},"origin":{"x":0.5,"y":0.5},"flipX":false,"flipY":false,"rotation":0,"alpha":1,"visible":true,"blendMode":0,"textureKey":"rock2","frameKey":"__BASE","data":{}},{"name":"rock","type":"Image","x":123,"y":507,"depth":-2,"scale":{"x":1.5,"y":1.5},"origin":{"x":0.5,"y":0.5},"flipX":false,"flipY":false,"rotation":0,"alpha":1,"visible":true,"blendMode":0,"textureKey":"rock2","frameKey":"__BASE","data":{}},{"name":"rock","type":"Image","x":138,"y":386,"depth":-2,"scale":{"x":1.5,"y":1.5},"origin":{"x":0.5,"y":0.5},"flipX":false,"flipY":false,"rotation":0,"alpha":1,"visible":true,"blendMode":0,"textureKey":"rock3","frameKey":"__BASE","data":{}},{"name":"rock","type":"Image","x":126,"y":235,"depth":-2,"scale":{"x":1.5,"y":1.5},"origin":{"x":0.5,"y":0.5},"flipX":false,"flipY":false,"rotation":0,"alpha":1,"visible":true,"blendMode":0,"textureKey":"rock3","frameKey":"__BASE","data":{}},{"name":"rock","type":"Image","x":132,"y":14,"depth":-2,"scale":{"x":1.5,"y":1.5},"origin":{"x":0.5,"y":0.5},"flipX":false,"flipY":false,"rotation":0,"alpha":1,"visible":true,"blendMode":0,"textureKey":"rock2","frameKey":"__BASE","data":{}},{"name":"rock","type":"Image","x":1358,"y":434,"depth":-2,"scale":{"x":0.5,"y":0.5},"origin":{"x":0.5,"y":0.5},"flipX":false,"flipY":false,"rotation":0,"alpha":1,"visible":true,"blendMode":0,"textureKey":"rock2","frameKey":"__BASE","data":{}},{"name":"rock","type":"Image","x":1253,"y":69,"depth":-2,"scale":{"x":0.5,"y":0.5},"origin":{"x":0.5,"y":0.5},"flipX":false,"flipY":false,"rotation":0,"alpha":1,"visible":true,"blendMode":0,"textureKey":"rock2","frameKey":"__BASE","data":{}},{"name":"rock","type":"Image","x":134,"y":473,"depth":-2,"scale":{"x":0.5,"y":0.5},"origin":{"x":0.5,"y":0.5},"flipX":false,"flipY":false,"rotation":0,"alpha":1,"visible":true,"blendMode":0,"textureKey":"rock2","frameKey":"__BASE","data":{}},{"name":"rock","type":"Image","x":118,"y":111,"depth":-2,"scale":{"x":0.5,"y":0.5},"origin":{"x":0.5,"y":0.5},"flipX":false,"flipY":false,"rotation":0,"alpha":1,"visible":true,"blendMode":0,"textureKey":"rock3","frameKey":"__BASE","data":{}},{"name":"rock","type":"Image","x":176,"y":14,"depth":-2,"scale":{"x":0.5,"y":0.5},"origin":{"x":0.5,"y":0.5},"flipX":false,"flipY":false,"rotation":0,"alpha":1,"visible":true,"blendMode":0,"textureKey":"rock3","frameKey":"__BASE","data":{}},{"name":"rock","type":"Image","x":250,"y":770,"depth":-2,"scale":{"x":0.5,"y":0.5},"origin":{"x":0.5,"y":0.5},"flipX":false,"flipY":false,"rotation":0,"alpha":1,"visible":true,"blendMode":0,"textureKey":"rock3","frameKey":"__BASE","data":{}},{"name":"rock","type":"Image","x":171,"y":518,"depth":-2,"scale":{"x":1,"y":1},"origin":{"x":0.5,"y":0.5},"flipX":false,"flipY":false,"rotation":0,"alpha":1,"visible":true,"blendMode":0,"textureKey":"rock3","frameKey":"__BASE","data":{}},{"name":"rock","type":"Image","x":423,"y":887,"depth":-2,"scale":{"x":0.5,"y":0.5},"origin":{"x":0.5,"y":0.5},"flipX":false,"flipY":false,"rotation":0,"alpha":1,"visible":true,"blendMode":0,"textureKey":"rock3","frameKey":"__BASE","data":{}},{"name":"rock","type":"Image","x":399,"y":824,"depth":-2,"scale":{"x":1,"y":1},"origin":{"x":0.5,"y":0.5},"flipX":false,"flipY":false,"rotation":0,"alpha":1,"visible":true,"blendMode":0,"textureKey":"rock4","frameKey":"__BASE","data":{}},{"name":"rock","type":"Image","x":798,"y":257,"depth":-2,"scale":{"x":1.5,"y":1.5},"origin":{"x":0.5,"y":0.5},"flipX":false,"flipY":false,"rotation":0,"alpha":1,"visible":true,"blendMode":0,"textureKey":"rock5","frameKey":"__BASE","data":{}},{"name":"rock","type":"Image","x":758,"y":376,"depth":-2,"scale":{"x":1,"y":1},"origin":{"x":0.5,"y":0.5},"flipX":false,"flipY":false,"rotation":0,"alpha":1,"visible":true,"blendMode":0,"textureKey":"rock5","frameKey":"__BASE","data":{}},{"name":"rock","type":"Image","x":789,"y":468,"depth":-2,"scale":{"x":1,"y":1},"origin":{"x":0.5,"y":0.5},"flipX":false,"flipY":false,"rotation":0,"alpha":1,"visible":true,"blendMode":0,"textureKey":"rock4","frameKey":"__BASE","data":{}}]}